year1,Homicidios_mujeres,,year2,Feminicidios,,year3,Otros_tipos,,year,estado,feminicidios,,,year4,index_state,feminicidios
1990      ,1520,,2015,413,,2015,1970,,2015,Aguascalientes,0,,1990.xlsx,1990,1,3
1991      ,1534,,2016,608,,2016,1775,,2015,Baja California,10,,1990.xlsx,1990,2,29
1992      ,1624,,2017,742,,2017,1641,,2015,Baja California Sur,0,,1990.xlsx,1990,4,9
1993      ,1553,,2018,898,,2018,1485,,2015,Campeche,4,,1990.xlsx,1990,5,15
1994      ,1476,,2019,944,,2019,1439,,2015,Chiapas,36,,1990.xlsx,1990,6,2
1995      ,1526,,2020,947,,2020,1436,,2015,Chihuahua,0,,1990.xlsx,1990,7,28
1996      ,1461,,2021,981,,2021,1402,,2015,Ciudad de México,56,,1990.xlsx,1990,8,27
1997      ,1372,,2022,963,,2022,1420,,2015,Coahuila de Zaragoza,16,,1990.xlsx,1990,9,144
1998      ,1531,,,,,,,,2015,Colima,5,,1990.xlsx,1990,10,15
1999      ,1411,,,,,,,,2015,Durango,2,,1990.xlsx,1990,11,36
2000      ,1284,,,,,,,,2015,Guanajuato,16,,1990.xlsx,1990,12,44
2001      ,1282,,,,,,,,2015,Guerrero,1,,1990.xlsx,1990,13,35
2002      ,1280,,,,,,,,2015,Hidalgo,0,,1990.xlsx,1990,14,67
2003      ,1316,,,,,,,,2015,Jalisco,62,,1990.xlsx,1990,15,575
2004      ,1206,,,,,,,,2015,México,60,,1990.xlsx,1990,16,56
2005      ,1297,,,,,,,,2015,Michoacán de Ocampo,12,,1990.xlsx,1990,17,30
2006      ,1298,,,,,,,,2015,Morelos,15,,1990.xlsx,1990,18,20
2007      ,1083,,,,,,,,2015,Nayarit,0,,1990.xlsx,1990,19,9
2008      ,1425,,,,,,,,2015,Nuevo León,1,,1990.xlsx,1990,20,100
2009      ,1925,,,,,,,,2015,Oaxaca,8,,1990.xlsx,1990,21,58
2010      ,2418,,,,,,,,2015,Puebla,6,,1990.xlsx,1990,22,12
2011      ,2693,,,,,,,,2015,Querétaro,8,,1990.xlsx,1990,23,2
2012      ,2764,,,,,,,,2015,Quintana Roo,0,,1990.xlsx,1990,24,10
2013      ,2648,,,,,,,,2015,San Luis Potosí,7,,1990.xlsx,1990,25,32
2014      ,2408,,,,,,,,2015,Sinaloa,14,,1990.xlsx,1990,26,20
2015      ,2383,,,,,,,,2015,Sonora,24,,1990.xlsx,1990,27,10
2016      ,2813,,,,,,,,2015,Tabasco,8,,1990.xlsx,1990,28,26
2017      ,3430,,,,,,,,2015,Tamaulipas,0,,1990.xlsx,1990,29,7
2018      ,3752,,,,,,,,2015,Tlaxcala,1,,1990.xlsx,1990,30,65
2019      ,3893,,,,,,,,2015,Veracruz de Ignacio de la Llave,40,,1990.xlsx,1990,31,9
2020      ,3957,,,,,,,,2015,Yucatán,1,,1990.xlsx,1990,32,21
2021      ,4002,,,,,,,,2015,Zacatecas,0,,,,,
2022      ,3928,,,,,,,,2016,Aguascalientes,0,,1991.xlsx,1991,1,9
,,,,,,,,,2016,Baja California,12,,1991.xlsx,1991,2,19
,,,,,,,,,2016,Baja California Sur,0,,1991.xlsx,1991,3,5
,,,,,,,,,2016,Campeche,3,,1991.xlsx,1991,4,9
,,,,,,,,,2016,Chiapas,32,,1991.xlsx,1991,5,12
,,,,,,,,,2016,Chihuahua,0,,1991.xlsx,1991,6,10
,,,,,,,,,2016,Ciudad de México,46,,1991.xlsx,1991,7,62
,,,,,,,,,2016,Coahuila de Zaragoza,14,,1991.xlsx,1991,8,33
,,,,,,,,,2016,Colima,22,,1991.xlsx,1991,9,102
,,,,,,,,,2016,Durango,2,,1991.xlsx,1991,10,25
,,,,,,,,,2016,Guanajuato,14,,1991.xlsx,1991,11,28
,,,,,,,,,2016,Guerrero,21,,1991.xlsx,1991,12,72
,,,,,,,,,2016,Hidalgo,22,,1991.xlsx,1991,13,16
,,,,,,,,,2016,Jalisco,48,,1991.xlsx,1991,14,86
,,,,,,,,,2016,México,57,,1991.xlsx,1991,15,564
,,,,,,,,,2016,Michoacán de Ocampo,26,,1991.xlsx,1991,16,82
,,,,,,,,,2016,Morelos,30,,1991.xlsx,1991,17,25
,,,,,,,,,2016,Nayarit,0,,1991.xlsx,1991,18,15
,,,,,,,,,2016,Nuevo León,3,,1991.xlsx,1991,19,13
,,,,,,,,,2016,Oaxaca,67,,1991.xlsx,1991,20,83
,,,,,,,,,2016,Puebla,12,,1991.xlsx,1991,21,47
,,,,,,,,,2016,Querétaro,1,,1991.xlsx,1991,22,8
,,,,,,,,,2016,Quintana Roo,0,,1991.xlsx,1991,23,4
,,,,,,,,,2016,San Luis Potosí,8,,1991.xlsx,1991,24,15
,,,,,,,,,2016,Sinaloa,39,,1991.xlsx,1991,25,25
,,,,,,,,,2016,Sonora,30,,1991.xlsx,1991,26,18
,,,,,,,,,2016,Tabasco,27,,1991.xlsx,1991,27,20
,,,,,,,,,2016,Tamaulipas,1,,1991.xlsx,1991,28,39
,,,,,,,,,2016,Tlaxcala,1,,1991.xlsx,1991,29,6
,,,,,,,,,2016,Veracruz de Ignacio de la Llave,58,,1991.xlsx,1991,30,70
,,,,,,,,,2016,Yucatán,1,,1991.xlsx,1991,31,3
,,,,,,,,,2016,Zacatecas,11,,1991.xlsx,1991,32,7
,,,,,,,,,2017,Aguascalientes,0,,,,,
,,,,,,,,,2017,Baja California,11,,1992.xlsx,1992,1,2
,,,,,,,,,2017,Baja California Sur,0,,1992.xlsx,1992,2,32
,,,,,,,,,2017,Campeche,1,,1992.xlsx,1992,4,9
,,,,,,,,,2017,Chiapas,29,,1992.xlsx,1992,5,20
,,,,,,,,,2017,Chihuahua,11,,1992.xlsx,1992,6,9
,,,,,,,,,2017,Ciudad de México,37,,1992.xlsx,1992,7,53
,,,,,,,,,2017,Coahuila de Zaragoza,9,,1992.xlsx,1992,8,39
,,,,,,,,,2017,Colima,4,,1992.xlsx,1992,9,127
,,,,,,,,,2017,Durango,9,,1992.xlsx,1992,10,24
,,,,,,,,,2017,Guanajuato,12,,1992.xlsx,1992,11,33
,,,,,,,,,2017,Guerrero,21,,1992.xlsx,1992,12,116
,,,,,,,,,2017,Hidalgo,22,,1992.xlsx,1992,13,17
,,,,,,,,,2017,Jalisco,27,,1992.xlsx,1992,14,79
,,,,,,,,,2017,México,70,,1992.xlsx,1992,15,553
,,,,,,,,,2017,Michoacán de Ocampo,29,,1992.xlsx,1992,16,72
,,,,,,,,,2017,Morelos,27,,1992.xlsx,1992,17,27
,,,,,,,,,2017,Nayarit,5,,1992.xlsx,1992,18,21
,,,,,,,,,2017,Nuevo León,43,,1992.xlsx,1992,19,17
,,,,,,,,,2017,Oaxaca,57,,1992.xlsx,1992,20,95
,,,,,,,,,2017,Puebla,27,,1992.xlsx,1992,21,50
,,,,,,,,,2017,Querétaro,1,,1992.xlsx,1992,22,10
,,,,,,,,,2017,Quintana Roo,4,,1992.xlsx,1992,23,11
,,,,,,,,,2017,San Luis Potosí,18,,1992.xlsx,1992,24,15
,,,,,,,,,2017,Sinaloa,82,,1992.xlsx,1992,25,34
,,,,,,,,,2017,Sonora,32,,1992.xlsx,1992,26,21
,,,,,,,,,2017,Tabasco,28,,1992.xlsx,1992,27,10
,,,,,,,,,2017,Tamaulipas,4,,1992.xlsx,1992,28,33
,,,,,,,,,2017,Tlaxcala,2,,1992.xlsx,1992,29,7
,,,,,,,,,2017,Veracruz de Ignacio de la Llave,100,,1992.xlsx,1992,30,65
,,,,,,,,,2017,Yucatán,9,,1992.xlsx,1992,31,6
,,,,,,,,,2017,Zacatecas,11,,1992.xlsx,1992,32,13
,,,,,,,,,2018,Aguascalientes,4,,,,,
,,,,,,,,,2018,Baja California,27,,1993.xlsx,1993,1,3
,,,,,,,,,2018,Baja California Sur,0,,1993.xlsx,1993,2,28
,,,,,,,,,2018,Campeche,5,,1993.xlsx,1993,3,2
,,,,,,,,,2018,Chiapas,21,,1993.xlsx,1993,4,5
,,,,,,,,,2018,Chihuahua,44,,1993.xlsx,1993,5,18
,,,,,,,,,2018,Ciudad de México,47,,1993.xlsx,1993,6,6
,,,,,,,,,2018,Coahuila de Zaragoza,13,,1993.xlsx,1993,7,50
,,,,,,,,,2018,Colima,12,,1993.xlsx,1993,8,32
,,,,,,,,,2018,Durango,4,,1993.xlsx,1993,9,121
,,,,,,,,,2018,Guanajuato,21,,1993.xlsx,1993,10,16
,,,,,,,,,2018,Guerrero,33,,1993.xlsx,1993,11,37
,,,,,,,,,2018,Hidalgo,20,,1993.xlsx,1993,12,71
,,,,,,,,,2018,Jalisco,33,,1993.xlsx,1993,13,10
,,,,,,,,,2018,México,115,,1993.xlsx,1993,14,67
,,,,,,,,,2018,Michoacán de Ocampo,21,,1993.xlsx,1993,15,551
,,,,,,,,,2018,Morelos,28,,1993.xlsx,1993,16,98
,,,,,,,,,2018,Nayarit,4,,1993.xlsx,1993,17,44
,,,,,,,,,2018,Nuevo León,79,,1993.xlsx,1993,18,17
,,,,,,,,,2018,Oaxaca,29,,1993.xlsx,1993,19,12
,,,,,,,,,2018,Puebla,32,,1993.xlsx,1993,20,102
,,,,,,,,,2018,Querétaro,7,,1993.xlsx,1993,21,77
,,,,,,,,,2018,Quintana Roo,8,,1993.xlsx,1993,22,5
,,,,,,,,,2018,San Luis Potosí,27,,1993.xlsx,1993,23,7
,,,,,,,,,2018,Sinaloa,48,,1993.xlsx,1993,24,18
,,,,,,,,,2018,Sonora,31,,1993.xlsx,1993,25,28
,,,,,,,,,2018,Tabasco,40,,1993.xlsx,1993,26,11
,,,,,,,,,2018,Tamaulipas,13,,1993.xlsx,1993,27,13
,,,,,,,,,2018,Tlaxcala,4,,1993.xlsx,1993,28,26
,,,,,,,,,2018,Veracruz de Ignacio de la Llave,101,,1993.xlsx,1993,29,4
,,,,,,,,,2018,Yucatán,7,,1993.xlsx,1993,30,58
,,,,,,,,,2018,Zacatecas,20,,1993.xlsx,1993,31,6
,,,,,,,,,2019,Aguascalientes,5,,1993.xlsx,1993,32,5
,,,,,,,,,2019,Baja California,23,,,,,
,,,,,,,,,2019,Baja California Sur,2,,1994.xlsx,1994,1,4
,,,,,,,,,2019,Campeche,6,,1994.xlsx,1994,2,30
,,,,,,,,,2019,Chiapas,20,,1994.xlsx,1994,3,2
,,,,,,,,,2019,Chihuahua,30,,1994.xlsx,1994,4,6
,,,,,,,,,2019,Ciudad de México,72,,1994.xlsx,1994,5,14
,,,,,,,,,2019,Coahuila de Zaragoza,24,,1994.xlsx,1994,6,8
,,,,,,,,,2019,Colima,10,,1994.xlsx,1994,7,69
,,,,,,,,,2019,Durango,10,,1994.xlsx,1994,8,39
,,,,,,,,,2019,Guanajuato,18,,1994.xlsx,1994,9,113
,,,,,,,,,2019,Guerrero,18,,1994.xlsx,1994,10,20
,,,,,,,,,2019,Hidalgo,20,,1994.xlsx,1994,11,32
,,,,,,,,,2019,Jalisco,65,,1994.xlsx,1994,12,99
,,,,,,,,,2019,México,121,,1994.xlsx,1994,13,15
,,,,,,,,,2019,Michoacán de Ocampo,14,,1994.xlsx,1994,14,56
,,,,,,,,,2019,Morelos,39,,1994.xlsx,1994,15,481
,,,,,,,,,2019,Nayarit,5,,1994.xlsx,1994,16,78
,,,,,,,,,2019,Nuevo León,67,,1994.xlsx,1994,17,30
,,,,,,,,,2019,Oaxaca,28,,1994.xlsx,1994,18,16
,,,,,,,,,2019,Puebla,57,,1994.xlsx,1994,19,14
,,,,,,,,,2019,Querétaro,10,,1994.xlsx,1994,20,87
,,,,,,,,,2019,Quintana Roo,16,,1994.xlsx,1994,21,47
,,,,,,,,,2019,San Luis Potosí,28,,1994.xlsx,1994,22,8
,,,,,,,,,2019,Sinaloa,37,,1994.xlsx,1994,23,16
,,,,,,,,,2019,Sonora,37,,1994.xlsx,1994,24,16
,,,,,,,,,2019,Tabasco,27,,1994.xlsx,1994,25,35
,,,,,,,,,2019,Tamaulipas,16,,1994.xlsx,1994,26,18
,,,,,,,,,2019,Tlaxcala,7,,1994.xlsx,1994,27,22
,,,,,,,,,2019,Veracruz de Ignacio de la Llave,98,,1994.xlsx,1994,28,36
,,,,,,,,,2019,Yucatán,3,,1994.xlsx,1994,29,1
,,,,,,,,,2019,Zacatecas,11,,1994.xlsx,1994,30,50
,,,,,,,,,2020,Aguascalientes,3,,1994.xlsx,1994,31,4
,,,,,,,,,2020,Baja California,31,,1994.xlsx,1994,32,8
,,,,,,,,,2020,Baja California Sur,4,,,,,
,,,,,,,,,2020,Campeche,3,,1995.xlsx,1995,1,5
,,,,,,,,,2020,Chiapas,28,,1995.xlsx,1995,2,30
,,,,,,,,,2020,Chihuahua,30,,1995.xlsx,1995,3,8
,,,,,,,,,2020,Ciudad de México,78,,1995.xlsx,1995,4,10
,,,,,,,,,2020,Coahuila de Zaragoza,24,,1995.xlsx,1995,5,14
,,,,,,,,,2020,Colima,7,,1995.xlsx,1995,6,6
,,,,,,,,,2020,Durango,12,,1995.xlsx,1995,7,72
,,,,,,,,,2020,Guanajuato,19,,1995.xlsx,1995,8,74
,,,,,,,,,2020,Guerrero,13,,1995.xlsx,1995,9,110
,,,,,,,,,2020,Hidalgo,19,,1995.xlsx,1995,10,16
,,,,,,,,,2020,Jalisco,70,,1995.xlsx,1995,11,30
,,,,,,,,,2020,México,151,,1995.xlsx,1995,12,83
,,,,,,,,,2020,Michoacán de Ocampo,21,,1995.xlsx,1995,13,22
,,,,,,,,,2020,Morelos,35,,1995.xlsx,1995,14,72
,,,,,,,,,2020,Nayarit,12,,1995.xlsx,1995,15,415
,,,,,,,,,2020,Nuevo León,67,,1995.xlsx,1995,16,81
,,,,,,,,,2020,Oaxaca,36,,1995.xlsx,1995,17,35
,,,,,,,,,2020,Puebla,52,,1995.xlsx,1995,18,19
,,,,,,,,,2020,Querétaro,11,,1995.xlsx,1995,19,16
,,,,,,,,,2020,Quintana Roo,15,,1995.xlsx,1995,20,109
,,,,,,,,,2020,San Luis Potosí,27,,1995.xlsx,1995,21,73
,,,,,,,,,2020,Sinaloa,26,,1995.xlsx,1995,22,6
,,,,,,,,,2020,Sonora,30,,1995.xlsx,1995,23,9
,,,,,,,,,2020,Tabasco,15,,1995.xlsx,1995,24,21
,,,,,,,,,2020,Tamaulipas,11,,1995.xlsx,1995,25,27
,,,,,,,,,2020,Tlaxcala,8,,1995.xlsx,1995,26,18
,,,,,,,,,2020,Veracruz de Ignacio de la Llave,73,,1995.xlsx,1995,27,24
,,,,,,,,,2020,Yucatán,6,,1995.xlsx,1995,28,29
,,,,,,,,,2020,Zacatecas,10,,1995.xlsx,1995,29,7
,,,,,,,,,2021,Aguascalientes,9,,1995.xlsx,1995,30,60
,,,,,,,,,2021,Baja California,20,,1995.xlsx,1995,31,6
,,,,,,,,,2021,Baja California Sur,7,,1995.xlsx,1995,32,11
,,,,,,,,,2021,Campeche,7,,,,,
,,,,,,,,,2021,Chiapas,46,,1996.xlsx,1996,1,4
,,,,,,,,,2021,Chihuahua,44,,1996.xlsx,1996,2,40
,,,,,,,,,2021,Ciudad de México,68,,1996.xlsx,1996,3,3
,,,,,,,,,2021,Coahuila de Zaragoza,22,,1996.xlsx,1996,4,8
,,,,,,,,,2021,Colima,4,,1996.xlsx,1996,5,11
,,,,,,,,,2021,Durango,10,,1996.xlsx,1996,6,5
,,,,,,,,,2021,Guanajuato,30,,1996.xlsx,1996,7,65
,,,,,,,,,2021,Guerrero,17,,1996.xlsx,1996,8,77
,,,,,,,,,2021,Hidalgo,21,,1996.xlsx,1996,9,111
,,,,,,,,,2021,Jalisco,73,,1996.xlsx,1996,10,6
,,,,,,,,,2021,México,145,,1996.xlsx,1996,11,27
,,,,,,,,,2021,Michoacán de Ocampo,28,,1996.xlsx,1996,12,78
,,,,,,,,,2021,Morelos,23,,1996.xlsx,1996,13,11
,,,,,,,,,2021,Nayarit,7,,1996.xlsx,1996,14,71
,,,,,,,,,2021,Nuevo León,66,,1996.xlsx,1996,15,408
,,,,,,,,,2021,Oaxaca,43,,1996.xlsx,1996,16,114
,,,,,,,,,2021,Puebla,37,,1996.xlsx,1996,17,37
,,,,,,,,,2021,Querétaro,9,,1996.xlsx,1996,18,12
,,,,,,,,,2021,Quintana Roo,25,,1996.xlsx,1996,19,13
,,,,,,,,,2021,San Luis Potosí,24,,1996.xlsx,1996,20,104
,,,,,,,,,2021,Sinaloa,40,,1996.xlsx,1996,21,56
,,,,,,,,,2021,Sonora,42,,1996.xlsx,1996,22,15
,,,,,,,,,2021,Tabasco,15,,1996.xlsx,1996,23,7
,,,,,,,,,2021,Tamaulipas,5,,1996.xlsx,1996,24,19
,,,,,,,,,2021,Tlaxcala,10,,1996.xlsx,1996,25,19
,,,,,,,,,2021,Veracruz de Ignacio de la Llave,68,,1996.xlsx,1996,26,22
,,,,,,,,,2021,Yucatán,5,,1996.xlsx,1996,27,15
,,,,,,,,,2021,Zacatecas,11,,1996.xlsx,1996,28,25
,,,,,,,,,2022,Aguascalientes,10,,1996.xlsx,1996,29,12
,,,,,,,,,2022,Baja California,26,,1996.xlsx,1996,30,45
,,,,,,,,,2022,Baja California Sur,6,,1996.xlsx,1996,31,5
,,,,,,,,,2022,Campeche,11,,1996.xlsx,1996,32,12
,,,,,,,,,2022,Chiapas,44,,,,,
,,,,,,,,,2022,Chihuahua,43,,1997.xlsx,1997,1,3
,,,,,,,,,2022,Ciudad de México,75,,1997.xlsx,1997,2,26
,,,,,,,,,2022,Coahuila de Zaragoza,24,,1997.xlsx,1997,3,1
,,,,,,,,,2022,Colima,18,,1997.xlsx,1997,4,8
,,,,,,,,,2022,Durango,18,,1997.xlsx,1997,5,16
,,,,,,,,,2022,Guanajuato,21,,1997.xlsx,1997,6,4
,,,,,,,,,2022,Guerrero,12,,1997.xlsx,1997,7,71
,,,,,,,,,2022,Hidalgo,19,,1997.xlsx,1997,8,74
,,,,,,,,,2022,Jalisco,38,,1997.xlsx,1997,9,116
,,,,,,,,,2022,México,138,,1997.xlsx,1997,10,13
,,,,,,,,,2022,Michoacán de Ocampo,43,,1997.xlsx,1997,11,19
,,,,,,,,,2022,Morelos,32,,1997.xlsx,1997,12,84
,,,,,,,,,2022,Nayarit,2,,1997.xlsx,1997,13,21
,,,,,,,,,2022,Nuevo León,102,,1997.xlsx,1997,14,56
,,,,,,,,,2022,Oaxaca,41,,1997.xlsx,1997,15,379
,,,,,,,,,2022,Puebla,20,,1997.xlsx,1997,16,65
,,,,,,,,,2022,Querétaro,12,,1997.xlsx,1997,17,21
,,,,,,,,,2022,Quintana Roo,14,,1997.xlsx,1997,18,9
,,,,,,,,,2022,San Luis Potosí,12,,1997.xlsx,1997,19,20
,,,,,,,,,2022,Sinaloa,20,,1997.xlsx,1997,20,87
,,,,,,,,,2022,Sonora,35,,1997.xlsx,1997,21,50
,,,,,,,,,2022,Tabasco,17,,1997.xlsx,1997,22,18
,,,,,,,,,2022,Tamaulipas,19,,1997.xlsx,1997,23,12
,,,,,,,,,2022,Tlaxcala,4,,1997.xlsx,1997,24,9
,,,,,,,,,2022,Veracruz de Ignacio de la Llave,67,,1997.xlsx,1997,25,26
,,,,,,,,,2022,Yucatán,5,,1997.xlsx,1997,26,20
,,,,,,,,,2022,Zacatecas,15,,1997.xlsx,1997,27,20
,,,,,,,,,,,,,1997.xlsx,1997,28,24
,,,,,,,,,,,,,1997.xlsx,1997,29,9
,,,,,,,,,,,,,1997.xlsx,1997,30,69
,,,,,,,,,,,,,1997.xlsx,1997,31,6
,,,,,,,,,,,,,1997.xlsx,1997,32,9
,,,,,,,,,,,,,,,,
,,,,,,,,,,,,,1998.xlsx,1998,1,12
,,,,,,,,,,,,,1998.xlsx,1998,2,60
,,,,,,,,,,,,,1998.xlsx,1998,3,5
,,,,,,,,,,,,,1998.xlsx,1998,4,8
,,,,,,,,,,,,,1998.xlsx,1998,5,21
,,,,,,,,,,,,,1998.xlsx,1998,6,14
,,,,,,,,,,,,,1998.xlsx,1998,7,103
,,,,,,,,,,,,,1998.xlsx,1998,8,76
,,,,,,,,,,,,,1998.xlsx,1998,9,147
,,,,,,,,,,,,,1998.xlsx,1998,10,19
,,,,,,,,,,,,,1998.xlsx,1998,11,32
,,,,,,,,,,,,,1998.xlsx,1998,12,104
,,,,,,,,,,,,,1998.xlsx,1998,13,19
,,,,,,,,,,,,,1998.xlsx,1998,14,64
,,,,,,,,,,,,,1998.xlsx,1998,15,351
,,,,,,,,,,,,,1998.xlsx,1998,16,58
,,,,,,,,,,,,,1998.xlsx,1998,17,23
,,,,,,,,,,,,,1998.xlsx,1998,18,6
,,,,,,,,,,,,,1998.xlsx,1998,19,16
,,,,,,,,,,,,,1998.xlsx,1998,20,80
,,,,,,,,,,,,,1998.xlsx,1998,21,75
,,,,,,,,,,,,,1998.xlsx,1998,22,3
,,,,,,,,,,,,,1998.xlsx,1998,23,12
,,,,,,,,,,,,,1998.xlsx,1998,24,27
,,,,,,,,,,,,,1998.xlsx,1998,25,33
,,,,,,,,,,,,,1998.xlsx,1998,26,25
,,,,,,,,,,,,,1998.xlsx,1998,27,17
,,,,,,,,,,,,,1998.xlsx,1998,28,35
,,,,,,,,,,,,,1998.xlsx,1998,29,12
,,,,,,,,,,,,,1998.xlsx,1998,30,48
,,,,,,,,,,,,,1998.xlsx,1998,31,10
,,,,,,,,,,,,,1998.xlsx,1998,32,12
,,,,,,,,,,,,,,,,
,,,,,,,,,,,,,1999.xlsx,1999,2,52
,,,,,,,,,,,,,1999.xlsx,1999,3,5
,,,,,,,,,,,,,1999.xlsx,1999,4,6
,,,,,,,,,,,,,1999.xlsx,1999,5,18
,,,,,,,,,,,,,1999.xlsx,1999,6,10
,,,,,,,,,,,,,1999.xlsx,1999,7,75
,,,,,,,,,,,,,1999.xlsx,1999,8,48
,,,,,,,,,,,,,1999.xlsx,1999,9,127
,,,,,,,,,,,,,1999.xlsx,1999,10,20
,,,,,,,,,,,,,1999.xlsx,1999,11,39
,,,,,,,,,,,,,1999.xlsx,1999,12,90
,,,,,,,,,,,,,1999.xlsx,1999,13,23
,,,,,,,,,,,,,1999.xlsx,1999,14,63
,,,,,,,,,,,,,1999.xlsx,1999,15,312
,,,,,,,,,,,,,1999.xlsx,1999,16,35
,,,,,,,,,,,,,1999.xlsx,1999,17,45
,,,,,,,,,,,,,1999.xlsx,1999,18,10
,,,,,,,,,,,,,1999.xlsx,1999,19,14
,,,,,,,,,,,,,1999.xlsx,1999,20,78
,,,,,,,,,,,,,1999.xlsx,1999,21,59
,,,,,,,,,,,,,1999.xlsx,1999,22,14
,,,,,,,,,,,,,1999.xlsx,1999,23,14
,,,,,,,,,,,,,1999.xlsx,1999,24,32
,,,,,,,,,,,,,1999.xlsx,1999,25,38
,,,,,,,,,,,,,1999.xlsx,1999,26,27
,,,,,,,,,,,,,1999.xlsx,1999,27,19
,,,,,,,,,,,,,1999.xlsx,1999,28,45
,,,,,,,,,,,,,1999.xlsx,1999,29,16
,,,,,,,,,,,,,1999.xlsx,1999,30,50
,,,,,,,,,,,,,1999.xlsx,1999,31,11
,,,,,,,,,,,,,1999.xlsx,1999,32,8
,,,,,,,,,,,,,,,,
,,,,,,,,,,,,,2000.xlsx,2000,1,4
,,,,,,,,,,,,,2000.xlsx,2000,2,32
,,,,,,,,,,,,,2000.xlsx,2000,3,5
,,,,,,,,,,,,,2000.xlsx,2000,4,5
,,,,,,,,,,,,,2000.xlsx,2000,5,16
,,,,,,,,,,,,,2000.xlsx,2000,6,9
,,,,,,,,,,,,,2000.xlsx,2000,7,52
,,,,,,,,,,,,,2000.xlsx,2000,8,58
,,,,,,,,,,,,,2000.xlsx,2000,9,109
,,,,,,,,,,,,,2000.xlsx,2000,10,10
,,,,,,,,,,,,,2000.xlsx,2000,11,39
,,,,,,,,,,,,,2000.xlsx,2000,12,76
,,,,,,,,,,,,,2000.xlsx,2000,13,16
,,,,,,,,,,,,,2000.xlsx,2000,14,58
,,,,,,,,,,,,,2000.xlsx,2000,15,320
,,,,,,,,,,,,,2000.xlsx,2000,16,49
,,,,,,,,,,,,,2000.xlsx,2000,17,22
,,,,,,,,,,,,,2000.xlsx,2000,18,4
,,,,,,,,,,,,,2000.xlsx,2000,19,28
,,,,,,,,,,,,,2000.xlsx,2000,20,78
,,,,,,,,,,,,,2000.xlsx,2000,21,44
,,,,,,,,,,,,,2000.xlsx,2000,22,18
,,,,,,,,,,,,,2000.xlsx,2000,23,7
,,,,,,,,,,,,,2000.xlsx,2000,24,35
,,,,,,,,,,,,,2000.xlsx,2000,25,30
,,,,,,,,,,,,,2000.xlsx,2000,26,14
,,,,,,,,,,,,,2000.xlsx,2000,27,11
,,,,,,,,,,,,,2000.xlsx,2000,28,49
,,,,,,,,,,,,,2000.xlsx,2000,29,16
,,,,,,,,,,,,,2000.xlsx,2000,30,51
,,,,,,,,,,,,,2000.xlsx,2000,31,11
,,,,,,,,,,,,,2000.xlsx,2000,32,2
,,,,,,,,,,,,,,,,
,,,,,,,,,,,,,2001.xlsx,2001,1,3
,,,,,,,,,,,,,2001.xlsx,2001,2,44
,,,,,,,,,,,,,2001.xlsx,2001,3,6
,,,,,,,,,,,,,2001.xlsx,2001,4,5
,,,,,,,,,,,,,2001.xlsx,2001,5,33
,,,,,,,,,,,,,2001.xlsx,2001,6,9
,,,,,,,,,,,,,2001.xlsx,2001,7,18
,,,,,,,,,,,,,2001.xlsx,2001,8,74
,,,,,,,,,,,,,2001.xlsx,2001,9,106
,,,,,,,,,,,,,2001.xlsx,2001,10,12
,,,,,,,,,,,,,2001.xlsx,2001,11,39
,,,,,,,,,,,,,2001.xlsx,2001,12,59
,,,,,,,,,,,,,2001.xlsx,2001,13,21
,,,,,,,,,,,,,2001.xlsx,2001,14,53
,,,,,,,,,,,,,2001.xlsx,2001,15,329
,,,,,,,,,,,,,2001.xlsx,2001,16,71
,,,,,,,,,,,,,2001.xlsx,2001,17,30
,,,,,,,,,,,,,2001.xlsx,2001,18,16
,,,,,,,,,,,,,2001.xlsx,2001,19,11
,,,,,,,,,,,,,2001.xlsx,2001,20,62
,,,,,,,,,,,,,2001.xlsx,2001,21,64
,,,,,,,,,,,,,2001.xlsx,2001,22,17
,,,,,,,,,,,,,2001.xlsx,2001,23,17
,,,,,,,,,,,,,2001.xlsx,2001,24,28
,,,,,,,,,,,,,2001.xlsx,2001,25,24
,,,,,,,,,,,,,2001.xlsx,2001,26,20
,,,,,,,,,,,,,2001.xlsx,2001,27,8
,,,,,,,,,,,,,2001.xlsx,2001,28,24
,,,,,,,,,,,,,2001.xlsx,2001,29,11
,,,,,,,,,,,,,2001.xlsx,2001,30,51
,,,,,,,,,,,,,2001.xlsx,2001,31,3
,,,,,,,,,,,,,2001.xlsx,2001,32,8
,,,,,,,,,,,,,,,,
,,,,,,,,,,,,,2002.xlsx,2002,1,6
,,,,,,,,,,,,,2002.xlsx,2002,2,33
,,,,,,,,,,,,,2002.xlsx,2002,3,3
,,,,,,,,,,,,,2002.xlsx,2002,4,2
,,,,,,,,,,,,,2002.xlsx,2002,5,17
,,,,,,,,,,,,,2002.xlsx,2002,6,3
,,,,,,,,,,,,,2002.xlsx,2002,7,80
,,,,,,,,,,,,,2002.xlsx,2002,8,76
,,,,,,,,,,,,,2002.xlsx,2002,9,105
,,,,,,,,,,,,,2002.xlsx,2002,10,19
,,,,,,,,,,,,,2002.xlsx,2002,11,37
,,,,,,,,,,,,,2002.xlsx,2002,12,56
,,,,,,,,,,,,,2002.xlsx,2002,13,7
,,,,,,,,,,,,,2002.xlsx,2002,14,67
,,,,,,,,,,,,,2002.xlsx,2002,15,307
,,,,,,,,,,,,,2002.xlsx,2002,16,65
,,,,,,,,,,,,,2002.xlsx,2002,17,12
,,,,,,,,,,,,,2002.xlsx,2002,18,16
,,,,,,,,,,,,,2002.xlsx,2002,19,18
,,,,,,,,,,,,,2002.xlsx,2002,20,64
,,,,,,,,,,,,,2002.xlsx,2002,21,62
,,,,,,,,,,,,,2002.xlsx,2002,22,10
,,,,,,,,,,,,,2002.xlsx,2002,23,15
,,,,,,,,,,,,,2002.xlsx,2002,24,16
,,,,,,,,,,,,,2002.xlsx,2002,25,29
,,,,,,,,,,,,,2002.xlsx,2002,26,32
,,,,,,,,,,,,,2002.xlsx,2002,27,12
,,,,,,,,,,,,,2002.xlsx,2002,28,17
,,,,,,,,,,,,,2002.xlsx,2002,29,13
,,,,,,,,,,,,,2002.xlsx,2002,30,53
,,,,,,,,,,,,,2002.xlsx,2002,31,4
,,,,,,,,,,,,,2002.xlsx,2002,32,15
,,,,,,,,,,,,,,,,
,,,,,,,,,,,,,2003.xlsx,2003,1,6
,,,,,,,,,,,,,2003.xlsx,2003,2,47
,,,,,,,,,,,,,2003.xlsx,2003,3,5
,,,,,,,,,,,,,2003.xlsx,2003,4,9
,,,,,,,,,,,,,2003.xlsx,2003,5,23
,,,,,,,,,,,,,2003.xlsx,2003,6,7
,,,,,,,,,,,,,2003.xlsx,2003,7,67
,,,,,,,,,,,,,2003.xlsx,2003,8,66
,,,,,,,,,,,,,2003.xlsx,2003,9,137
,,,,,,,,,,,,,2003.xlsx,2003,10,20
,,,,,,,,,,,,,2003.xlsx,2003,11,31
,,,,,,,,,,,,,2003.xlsx,2003,12,68
,,,,,,,,,,,,,2003.xlsx,2003,13,7
,,,,,,,,,,,,,2003.xlsx,2003,14,54
,,,,,,,,,,,,,2003.xlsx,2003,15,316
,,,,,,,,,,,,,2003.xlsx,2003,16,60
,,,,,,,,,,,,,2003.xlsx,2003,17,12
,,,,,,,,,,,,,2003.xlsx,2003,18,8
,,,,,,,,,,,,,2003.xlsx,2003,19,24
,,,,,,,,,,,,,2003.xlsx,2003,20,69
,,,,,,,,,,,,,2003.xlsx,2003,21,51
,,,,,,,,,,,,,2003.xlsx,2003,22,9
,,,,,,,,,,,,,2003.xlsx,2003,23,24
,,,,,,,,,,,,,2003.xlsx,2003,24,15
,,,,,,,,,,,,,2003.xlsx,2003,25,26
,,,,,,,,,,,,,2003.xlsx,2003,26,22
,,,,,,,,,,,,,2003.xlsx,2003,27,18
,,,,,,,,,,,,,2003.xlsx,2003,28,32
,,,,,,,,,,,,,2003.xlsx,2003,29,10
,,,,,,,,,,,,,2003.xlsx,2003,30,50
,,,,,,,,,,,,,2003.xlsx,2003,31,11
,,,,,,,,,,,,,2003.xlsx,2003,32,11
,,,,,,,,,,,,,,,,
,,,,,,,,,,,,,2004.xlsx,2004,1,5
,,,,,,,,,,,,,2004.xlsx,2004,2,41
,,,,,,,,,,,,,2004.xlsx,2004,3,4
,,,,,,,,,,,,,2004.xlsx,2004,4,4
,,,,,,,,,,,,,2004.xlsx,2004,5,27
,,,,,,,,,,,,,2004.xlsx,2004,6,6
,,,,,,,,,,,,,2004.xlsx,2004,7,24
,,,,,,,,,,,,,2004.xlsx,2004,8,48
,,,,,,,,,,,,,2004.xlsx,2004,9,135
,,,,,,,,,,,,,2004.xlsx,2004,10,18
,,,,,,,,,,,,,2004.xlsx,2004,11,22
,,,,,,,,,,,,,2004.xlsx,2004,12,58
,,,,,,,,,,,,,2004.xlsx,2004,13,8
,,,,,,,,,,,,,2004.xlsx,2004,14,53
,,,,,,,,,,,,,2004.xlsx,2004,15,287
,,,,,,,,,,,,,2004.xlsx,2004,16,56
,,,,,,,,,,,,,2004.xlsx,2004,17,15
,,,,,,,,,,,,,2004.xlsx,2004,18,20
,,,,,,,,,,,,,2004.xlsx,2004,19,26
,,,,,,,,,,,,,2004.xlsx,2004,20,85
,,,,,,,,,,,,,2004.xlsx,2004,21,55
,,,,,,,,,,,,,2004.xlsx,2004,22,12
,,,,,,,,,,,,,2004.xlsx,2004,23,23
,,,,,,,,,,,,,2004.xlsx,2004,24,12
,,,,,,,,,,,,,2004.xlsx,2004,25,22
,,,,,,,,,,,,,2004.xlsx,2004,26,24
,,,,,,,,,,,,,2004.xlsx,2004,27,16
,,,,,,,,,,,,,2004.xlsx,2004,28,30
,,,,,,,,,,,,,2004.xlsx,2004,29,13
,,,,,,,,,,,,,2004.xlsx,2004,30,43
,,,,,,,,,,,,,2004.xlsx,2004,31,5
,,,,,,,,,,,,,2004.xlsx,2004,32,9
,,,,,,,,,,,,,,,,
,,,,,,,,,,,,,2005.xlsx,2005,1,7
,,,,,,,,,,,,,2005.xlsx,2005,2,38
,,,,,,,,,,,,,2005.xlsx,2005,3,4
,,,,,,,,,,,,,2005.xlsx,2005,4,3
,,,,,,,,,,,,,2005.xlsx,2005,5,25
,,,,,,,,,,,,,2005.xlsx,2005,6,10
,,,,,,,,,,,,,2005.xlsx,2005,7,30
,,,,,,,,,,,,,2005.xlsx,2005,8,59
,,,,,,,,,,,,,2005.xlsx,2005,9,128
,,,,,,,,,,,,,2005.xlsx,2005,10,18
,,,,,,,,,,,,,2005.xlsx,2005,11,36
,,,,,,,,,,,,,2005.xlsx,2005,12,57
,,,,,,,,,,,,,2005.xlsx,2005,13,8
,,,,,,,,,,,,,2005.xlsx,2005,14,38
,,,,,,,,,,,,,2005.xlsx,2005,15,382
,,,,,,,,,,,,,2005.xlsx,2005,16,54
,,,,,,,,,,,,,2005.xlsx,2005,17,19
,,,,,,,,,,,,,2005.xlsx,2005,18,11
,,,,,,,,,,,,,2005.xlsx,2005,19,20
,,,,,,,,,,,,,2005.xlsx,2005,20,72
,,,,,,,,,,,,,2005.xlsx,2005,21,58
,,,,,,,,,,,,,2005.xlsx,2005,22,10
,,,,,,,,,,,,,2005.xlsx,2005,23,16
,,,,,,,,,,,,,2005.xlsx,2005,24,9
,,,,,,,,,,,,,2005.xlsx,2005,25,24
,,,,,,,,,,,,,2005.xlsx,2005,26,28
,,,,,,,,,,,,,2005.xlsx,2005,27,9
,,,,,,,,,,,,,2005.xlsx,2005,28,43
,,,,,,,,,,,,,2005.xlsx,2005,29,12
,,,,,,,,,,,,,2005.xlsx,2005,30,47
,,,,,,,,,,,,,2005.xlsx,2005,31,5
,,,,,,,,,,,,,2005.xlsx,2005,32,16
,,,,,,,,,,,,,,,,
,,,,,,,,,,,,,2006.xlsx,2006,1,7
,,,,,,,,,,,,,2006.xlsx,2006,2,38
,,,,,,,,,,,,,2006.xlsx,2006,3,4
,,,,,,,,,,,,,2006.xlsx,2006,4,4
,,,,,,,,,,,,,2006.xlsx,2006,5,16
,,,,,,,,,,,,,2006.xlsx,2006,6,4
,,,,,,,,,,,,,2006.xlsx,2006,7,81
,,,,,,,,,,,,,2006.xlsx,2006,8,62
,,,,,,,,,,,,,2006.xlsx,2006,9,108
,,,,,,,,,,,,,2006.xlsx,2006,10,12
,,,,,,,,,,,,,2006.xlsx,2006,11,25
,,,,,,,,,,,,,2006.xlsx,2006,12,92
,,,,,,,,,,,,,2006.xlsx,2006,13,11
,,,,,,,,,,,,,2006.xlsx,2006,14,66
,,,,,,,,,,,,,2006.xlsx,2006,15,280
,,,,,,,,,,,,,2006.xlsx,2006,16,80
,,,,,,,,,,,,,2006.xlsx,2006,17,19
,,,,,,,,,,,,,2006.xlsx,2006,18,15
,,,,,,,,,,,,,2006.xlsx,2006,19,22
,,,,,,,,,,,,,2006.xlsx,2006,20,58
,,,,,,,,,,,,,2006.xlsx,2006,21,55
,,,,,,,,,,,,,2006.xlsx,2006,22,11
,,,,,,,,,,,,,2006.xlsx,2006,23,12
,,,,,,,,,,,,,2006.xlsx,2006,24,17
,,,,,,,,,,,,,2006.xlsx,2006,25,24
,,,,,,,,,,,,,2006.xlsx,2006,26,27
,,,,,,,,,,,,,2006.xlsx,2006,27,17
,,,,,,,,,,,,,2006.xlsx,2006,28,54
,,,,,,,,,,,,,2006.xlsx,2006,29,10
,,,,,,,,,,,,,2006.xlsx,2006,30,46
,,,,,,,,,,,,,2006.xlsx,2006,31,8
,,,,,,,,,,,,,2006.xlsx,2006,32,13
,,,,,,,,,,,,,,,,
,,,,,,,,,,,,,2007.xlsx,2007,1,7
,,,,,,,,,,,,,2007.xlsx,2007,2,26
,,,,,,,,,,,,,2007.xlsx,2007,3,8
,,,,,,,,,,,,,2007.xlsx,2007,4,7
,,,,,,,,,,,,,2007.xlsx,2007,5,13
,,,,,,,,,,,,,2007.xlsx,2007,6,6
,,,,,,,,,,,,,2007.xlsx,2007,7,13
,,,,,,,,,,,,,2007.xlsx,2007,8,53
,,,,,,,,,,,,,2007.xlsx,2007,9,122
,,,,,,,,,,,,,2007.xlsx,2007,10,10
,,,,,,,,,,,,,2007.xlsx,2007,11,31
,,,,,,,,,,,,,2007.xlsx,2007,12,81
,,,,,,,,,,,,,2007.xlsx,2007,13,12
,,,,,,,,,,,,,2007.xlsx,2007,14,55
,,,,,,,,,,,,,2007.xlsx,2007,15,188
,,,,,,,,,,,,,2007.xlsx,2007,16,50
,,,,,,,,,,,,,2007.xlsx,2007,17,17
,,,,,,,,,,,,,2007.xlsx,2007,18,11
,,,,,,,,,,,,,2007.xlsx,2007,19,23
,,,,,,,,,,,,,2007.xlsx,2007,20,71
,,,,,,,,,,,,,2007.xlsx,2007,21,44
,,,,,,,,,,,,,2007.xlsx,2007,22,8
,,,,,,,,,,,,,2007.xlsx,2007,23,20
,,,,,,,,,,,,,2007.xlsx,2007,24,24
,,,,,,,,,,,,,2007.xlsx,2007,25,29
,,,,,,,,,,,,,2007.xlsx,2007,26,27
,,,,,,,,,,,,,2007.xlsx,2007,27,19
,,,,,,,,,,,,,2007.xlsx,2007,28,26
,,,,,,,,,,,,,2007.xlsx,2007,29,12
,,,,,,,,,,,,,2007.xlsx,2007,30,46
,,,,,,,,,,,,,2007.xlsx,2007,31,13
,,,,,,,,,,,,,2007.xlsx,2007,32,11
,,,,,,,,,,,,,,,,
,,,,,,,,,,,,,2008.xlsx,2008,1,6
,,,,,,,,,,,,,2008.xlsx,2008,2,79
,,,,,,,,,,,,,2008.xlsx,2008,3,2
,,,,,,,,,,,,,2008.xlsx,2008,4,5
,,,,,,,,,,,,,2008.xlsx,2008,5,26
,,,,,,,,,,,,,2008.xlsx,2008,6,7
,,,,,,,,,,,,,2008.xlsx,2008,7,33
,,,,,,,,,,,,,2008.xlsx,2008,8,180
,,,,,,,,,,,,,2008.xlsx,2008,9,135
,,,,,,,,,,,,,2008.xlsx,2008,10,26
,,,,,,,,,,,,,2008.xlsx,2008,11,37
,,,,,,,,,,,,,2008.xlsx,2008,12,79
,,,,,,,,,,,,,2008.xlsx,2008,13,14
,,,,,,,,,,,,,2008.xlsx,2008,14,56
,,,,,,,,,,,,,2008.xlsx,2008,15,224
,,,,,,,,,,,,,2008.xlsx,2008,16,70
,,,,,,,,,,,,,2008.xlsx,2008,17,24
,,,,,,,,,,,,,2008.xlsx,2008,18,17
,,,,,,,,,,,,,2008.xlsx,2008,19,22
,,,,,,,,,,,,,2008.xlsx,2008,20,68
,,,,,,,,,,,,,2008.xlsx,2008,21,46
,,,,,,,,,,,,,2008.xlsx,2008,22,12
,,,,,,,,,,,,,2008.xlsx,2008,23,20
,,,,,,,,,,,,,2008.xlsx,2008,24,22
,,,,,,,,,,,,,2008.xlsx,2008,25,30
,,,,,,,,,,,,,2008.xlsx,2008,26,37
,,,,,,,,,,,,,2008.xlsx,2008,27,24
,,,,,,,,,,,,,2008.xlsx,2008,28,41
,,,,,,,,,,,,,2008.xlsx,2008,29,13
,,,,,,,,,,,,,2008.xlsx,2008,30,55
,,,,,,,,,,,,,2008.xlsx,2008,31,7
,,,,,,,,,,,,,2008.xlsx,2008,32,8
,,,,,,,,,,,,,,,,
,,,,,,,,,,,,,2009.xlsx,2009,1,11
,,,,,,,,,,,,,2009.xlsx,2009,2,153
,,,,,,,,,,,,,2009.xlsx,2009,3,6
,,,,,,,,,,,,,2009.xlsx,2009,4,9
,,,,,,,,,,,,,2009.xlsx,2009,5,21
,,,,,,,,,,,,,2009.xlsx,2009,6,10
,,,,,,,,,,,,,2009.xlsx,2009,7,65
,,,,,,,,,,,,,2009.xlsx,2009,8,218
,,,,,,,,,,,,,2009.xlsx,2009,9,104
,,,,,,,,,,,,,2009.xlsx,2009,10,56
,,,,,,,,,,,,,2009.xlsx,2009,11,46
,,,,,,,,,,,,,2009.xlsx,2009,12,164
,,,,,,,,,,,,,2009.xlsx,2009,13,19
,,,,,,,,,,,,,2009.xlsx,2009,14,61
,,,,,,,,,,,,,2009.xlsx,2009,15,273
,,,,,,,,,,,,,2009.xlsx,2009,16,78
,,,,,,,,,,,,,2009.xlsx,2009,17,23
,,,,,,,,,,,,,2009.xlsx,2009,18,18
,,,,,,,,,,,,,2009.xlsx,2009,19,51
,,,,,,,,,,,,,2009.xlsx,2009,20,71
,,,,,,,,,,,,,2009.xlsx,2009,21,51
,,,,,,,,,,,,,2009.xlsx,2009,22,12
,,,,,,,,,,,,,2009.xlsx,2009,23,12
,,,,,,,,,,,,,2009.xlsx,2009,24,29
,,,,,,,,,,,,,2009.xlsx,2009,25,79
,,,,,,,,,,,,,2009.xlsx,2009,26,63
,,,,,,,,,,,,,2009.xlsx,2009,27,27
,,,,,,,,,,,,,2009.xlsx,2009,28,72
,,,,,,,,,,,,,2009.xlsx,2009,29,9
,,,,,,,,,,,,,2009.xlsx,2009,30,104
,,,,,,,,,,,,,2009.xlsx,2009,31,3
,,,,,,,,,,,,,2009.xlsx,2009,32,7
,,,,,,,,,,,,,,,,
,,,,,,,,,,,,,2010.xlsx,2010,1,10
,,,,,,,,,,,,,2010.xlsx,2010,2,117
,,,,,,,,,,,,,2010.xlsx,2010,3,10
,,,,,,,,,,,,,2010.xlsx,2010,4,9
,,,,,,,,,,,,,2010.xlsx,2010,5,61
,,,,,,,,,,,,,2010.xlsx,2010,6,5
,,,,,,,,,,,,,2010.xlsx,2010,7,22
,,,,,,,,,,,,,2010.xlsx,2010,8,584
,,,,,,,,,,,,,2010.xlsx,2010,9,145
,,,,,,,,,,,,,2010.xlsx,2010,10,93
,,,,,,,,,,,,,2010.xlsx,2010,11,48
,,,,,,,,,,,,,2010.xlsx,2010,12,121
,,,,,,,,,,,,,2010.xlsx,2010,13,22
,,,,,,,,,,,,,2010.xlsx,2010,14,78
,,,,,,,,,,,,,2010.xlsx,2010,15,277
,,,,,,,,,,,,,2010.xlsx,2010,16,64
,,,,,,,,,,,,,2010.xlsx,2010,17,41
,,,,,,,,,,,,,2010.xlsx,2010,18,49
,,,,,,,,,,,,,2010.xlsx,2010,19,84
,,,,,,,,,,,,,2010.xlsx,2010,20,86
,,,,,,,,,,,,,2010.xlsx,2010,21,54
,,,,,,,,,,,,,2010.xlsx,2010,22,6
,,,,,,,,,,,,,2010.xlsx,2010,23,30
,,,,,,,,,,,,,2010.xlsx,2010,24,37
,,,,,,,,,,,,,2010.xlsx,2010,25,111
,,,,,,,,,,,,,2010.xlsx,2010,26,50
,,,,,,,,,,,,,2010.xlsx,2010,27,22
,,,,,,,,,,,,,2010.xlsx,2010,28,96
,,,,,,,,,,,,,2010.xlsx,2010,29,7
,,,,,,,,,,,,,2010.xlsx,2010,30,60
,,,,,,,,,,,,,2010.xlsx,2010,31,3
,,,,,,,,,,,,,2010.xlsx,2010,32,16
,,,,,,,,,,,,,,,,
,,,,,,,,,,,,,2011.xlsx,2011,1,15
,,,,,,,,,,,,,2011.xlsx,2011,2,97
,,,,,,,,,,,,,2011.xlsx,2011,3,9
,,,,,,,,,,,,,2011.xlsx,2011,4,9
,,,,,,,,,,,,,2011.xlsx,2011,5,59
,,,,,,,,,,,,,2011.xlsx,2011,6,17
,,,,,,,,,,,,,2011.xlsx,2011,7,26
,,,,,,,,,,,,,2011.xlsx,2011,8,408
,,,,,,,,,,,,,2011.xlsx,2011,9,140
,,,,,,,,,,,,,2011.xlsx,2011,10,59
,,,,,,,,,,,,,2011.xlsx,2011,11,65
,,,,,,,,,,,,,2011.xlsx,2011,12,186
,,,,,,,,,,,,,2011.xlsx,2011,13,29
,,,,,,,,,,,,,2011.xlsx,2011,14,109
,,,,,,,,,,,,,2011.xlsx,2011,15,356
,,,,,,,,,,,,,2011.xlsx,2011,16,81
,,,,,,,,,,,,,2011.xlsx,2011,17,44
,,,,,,,,,,,,,2011.xlsx,2011,18,55
,,,,,,,,,,,,,2011.xlsx,2011,19,229
,,,,,,,,,,,,,2011.xlsx,2011,20,79
,,,,,,,,,,,,,2011.xlsx,2011,21,68
,,,,,,,,,,,,,2011.xlsx,2011,22,18
,,,,,,,,,,,,,2011.xlsx,2011,23,22
,,,,,,,,,,,,,2011.xlsx,2011,24,50
,,,,,,,,,,,,,2011.xlsx,2011,25,115
,,,,,,,,,,,,,2011.xlsx,2011,26,53
,,,,,,,,,,,,,2011.xlsx,2011,27,23
,,,,,,,,,,,,,2011.xlsx,2011,28,79
,,,,,,,,,,,,,2011.xlsx,2011,29,16
,,,,,,,,,,,,,2011.xlsx,2011,30,151
,,,,,,,,,,,,,2011.xlsx,2011,31,7
,,,,,,,,,,,,,2011.xlsx,2011,32,19
,,,,,,,,,,,,,,,,
,,,,,,,,,,,,,2012.xlsx,2012,1,12
,,,,,,,,,,,,,2012.xlsx,2012,2,77
,,,,,,,,,,,,,2012.xlsx,2012,3,4
,,,,,,,,,,,,,2012.xlsx,2012,4,15
,,,,,,,,,,,,,2012.xlsx,2012,5,133
,,,,,,,,,,,,,2012.xlsx,2012,6,25
,,,,,,,,,,,,,2012.xlsx,2012,7,57
,,,,,,,,,,,,,2012.xlsx,2012,8,269
,,,,,,,,,,,,,2012.xlsx,2012,9,122
,,,,,,,,,,,,,2012.xlsx,2012,10,74
,,,,,,,,,,,,,2012.xlsx,2012,11,68
,,,,,,,,,,,,,2012.xlsx,2012,12,237
,,,,,,,,,,,,,2012.xlsx,2012,13,33
,,,,,,,,,,,,,2012.xlsx,2012,14,145
,,,,,,,,,,,,,2012.xlsx,2012,15,388
,,,,,,,,,,,,,2012.xlsx,2012,16,88
,,,,,,,,,,,,,2012.xlsx,2012,17,63
,,,,,,,,,,,,,2012.xlsx,2012,18,19
,,,,,,,,,,,,,2012.xlsx,2012,19,168
,,,,,,,,,,,,,2012.xlsx,2012,20,90
,,,,,,,,,,,,,2012.xlsx,2012,21,56
,,,,,,,,,,,,,2012.xlsx,2012,22,17
,,,,,,,,,,,,,2012.xlsx,2012,23,29
,,,,,,,,,,,,,2012.xlsx,2012,24,56
,,,,,,,,,,,,,2012.xlsx,2012,25,71
,,,,,,,,,,,,,2012.xlsx,2012,26,42
,,,,,,,,,,,,,2012.xlsx,2012,27,20
,,,,,,,,,,,,,2012.xlsx,2012,28,171
,,,,,,,,,,,,,2012.xlsx,2012,29,14
,,,,,,,,,,,,,2012.xlsx,2012,30,142
,,,,,,,,,,,,,2012.xlsx,2012,31,8
,,,,,,,,,,,,,2012.xlsx,2012,32,51
,,,,,,,,,,,,,,,,
,,,,,,,,,,,,,2013.xlsx,2013,1,9
,,,,,,,,,,,,,2013.xlsx,2013,2,77
,,,,,,,,,,,,,2013.xlsx,2013,3,12
,,,,,,,,,,,,,2013.xlsx,2013,4,12
,,,,,,,,,,,,,2013.xlsx,2013,5,103
,,,,,,,,,,,,,2013.xlsx,2013,6,18
,,,,,,,,,,,,,2013.xlsx,2013,7,86
,,,,,,,,,,,,,2013.xlsx,2013,8,186
,,,,,,,,,,,,,2013.xlsx,2013,9,145
,,,,,,,,,,,,,2013.xlsx,2013,10,51
,,,,,,,,,,,,,2013.xlsx,2013,11,77
,,,,,,,,,,,,,2013.xlsx,2013,12,232
,,,,,,,,,,,,,2013.xlsx,2013,13,30
,,,,,,,,,,,,,2013.xlsx,2013,14,130
,,,,,,,,,,,,,2013.xlsx,2013,15,469
,,,,,,,,,,,,,2013.xlsx,2013,16,89
,,,,,,,,,,,,,2013.xlsx,2013,17,61
,,,,,,,,,,,,,2013.xlsx,2013,18,20
,,,,,,,,,,,,,2013.xlsx,2013,19,120
,,,,,,,,,,,,,2013.xlsx,2013,20,103
,,,,,,,,,,,,,2013.xlsx,2013,21,107
,,,,,,,,,,,,,2013.xlsx,2013,22,23
,,,,,,,,,,,,,2013.xlsx,2013,23,29
,,,,,,,,,,,,,2013.xlsx,2013,24,34
,,,,,,,,,,,,,2013.xlsx,2013,25,62
,,,,,,,,,,,,,2013.xlsx,2013,26,56
,,,,,,,,,,,,,2013.xlsx,2013,27,30
,,,,,,,,,,,,,2013.xlsx,2013,28,97
,,,,,,,,,,,,,2013.xlsx,2013,29,16
,,,,,,,,,,,,,2013.xlsx,2013,30,95
,,,,,,,,,,,,,2013.xlsx,2013,31,13
,,,,,,,,,,,,,2013.xlsx,2013,32,56
,,,,,,,,,,,,,,,,
,,,,,,,,,,,,,2014.xlsx,2014,1,4
,,,,,,,,,,,,,2014.xlsx,2014,2,77
,,,,,,,,,,,,,2014.xlsx,2014,3,11
,,,,,,,,,,,,,2014.xlsx,2014,4,15
,,,,,,,,,,,,,2014.xlsx,2014,5,63
,,,,,,,,,,,,,2014.xlsx,2014,6,19
,,,,,,,,,,,,,2014.xlsx,2014,7,65
,,,,,,,,,,,,,2014.xlsx,2014,8,172
,,,,,,,,,,,,,2014.xlsx,2014,9,147
,,,,,,,,,,,,,2014.xlsx,2014,10,29
,,,,,,,,,,,,,2014.xlsx,2014,11,69
,,,,,,,,,,,,,2014.xlsx,2014,12,190
,,,,,,,,,,,,,2014.xlsx,2014,13,43
,,,,,,,,,,,,,2014.xlsx,2014,14,110
,,,,,,,,,,,,,2014.xlsx,2014,15,365
,,,,,,,,,,,,,2014.xlsx,2014,16,90
,,,,,,,,,,,,,2014.xlsx,2014,17,55
,,,,,,,,,,,,,2014.xlsx,2014,18,24
,,,,,,,,,,,,,2014.xlsx,2014,19,79
,,,,,,,,,,,,,2014.xlsx,2014,20,136
,,,,,,,,,,,,,2014.xlsx,2014,21,91
,,,,,,,,,,,,,2014.xlsx,2014,22,19
,,,,,,,,,,,,,2014.xlsx,2014,23,22
,,,,,,,,,,,,,2014.xlsx,2014,24,43
,,,,,,,,,,,,,2014.xlsx,2014,25,93
,,,,,,,,,,,,,2014.xlsx,2014,26,55
,,,,,,,,,,,,,2014.xlsx,2014,27,27
,,,,,,,,,,,,,2014.xlsx,2014,28,141
,,,,,,,,,,,,,2014.xlsx,2014,29,25
,,,,,,,,,,,,,2014.xlsx,2014,30,95
,,,,,,,,,,,,,2014.xlsx,2014,31,8
,,,,,,,,,,,,,2014.xlsx,2014,32,26
,,,,,,,,,,,,,,,,
,,,,,,,,,,,,,2015.xlsx,2015,1,7
,,,,,,,,,,,,,2015.xlsx,2015,2,109
,,,,,,,,,,,,,2015.xlsx,2015,3,22
,,,,,,,,,,,,,2015.xlsx,2015,4,9
,,,,,,,,,,,,,2015.xlsx,2015,5,62
,,,,,,,,,,,,,2015.xlsx,2015,6,26
,,,,,,,,,,,,,2015.xlsx,2015,7,67
,,,,,,,,,,,,,2015.xlsx,2015,8,142
,,,,,,,,,,,,,2015.xlsx,2015,9,136
,,,,,,,,,,,,,2015.xlsx,2015,10,8
,,,,,,,,,,,,,2015.xlsx,2015,11,107
,,,,,,,,,,,,,2015.xlsx,2015,12,220
,,,,,,,,,,,,,2015.xlsx,2015,13,52
,,,,,,,,,,,,,2015.xlsx,2015,14,147
,,,,,,,,,,,,,2015.xlsx,2015,15,406
,,,,,,,,,,,,,2015.xlsx,2015,16,88
,,,,,,,,,,,,,2015.xlsx,2015,17,49
,,,,,,,,,,,,,2015.xlsx,2015,18,11
,,,,,,,,,,,,,2015.xlsx,2015,19,58
,,,,,,,,,,,,,2015.xlsx,2015,20,96
,,,,,,,,,,,,,2015.xlsx,2015,21,94
,,,,,,,,,,,,,2015.xlsx,2015,22,20
,,,,,,,,,,,,,2015.xlsx,2015,23,21
,,,,,,,,,,,,,2015.xlsx,2015,24,38
,,,,,,,,,,,,,2015.xlsx,2015,25,53
,,,,,,,,,,,,,2015.xlsx,2015,26,65
,,,,,,,,,,,,,2015.xlsx,2015,27,33
,,,,,,,,,,,,,2015.xlsx,2015,28,79
,,,,,,,,,,,,,2015.xlsx,2015,29,12
,,,,,,,,,,,,,2015.xlsx,2015,30,113
,,,,,,,,,,,,,2015.xlsx,2015,31,9
,,,,,,,,,,,,,2015.xlsx,2015,32,24
,,,,,,,,,,,,,,,,
,,,,,,,,,,,,,2016.xlsx,2016,1,4
,,,,,,,,,,,,,2016.xlsx,2016,2,130
,,,,,,,,,,,,,2016.xlsx,2016,3,14
,,,,,,,,,,,,,2016.xlsx,2016,4,10
,,,,,,,,,,,,,2016.xlsx,2016,5,42
,,,,,,,,,,,,,2016.xlsx,2016,6,63
,,,,,,,,,,,,,2016.xlsx,2016,7,80
,,,,,,,,,,,,,2016.xlsx,2016,8,170
,,,,,,,,,,,,,2016.xlsx,2016,9,146
,,,,,,,,,,,,,2016.xlsx,2016,10,12
,,,,,,,,,,,,,2016.xlsx,2016,11,124
,,,,,,,,,,,,,2016.xlsx,2016,12,248
,,,,,,,,,,,,,2016.xlsx,2016,13,43
,,,,,,,,,,,,,2016.xlsx,2016,14,131
,,,,,,,,,,,,,2016.xlsx,2016,15,421
,,,,,,,,,,,,,2016.xlsx,2016,16,133
,,,,,,,,,,,,,2016.xlsx,2016,17,87
,,,,,,,,,,,,,2016.xlsx,2016,18,26
,,,,,,,,,,,,,2016.xlsx,2016,19,82
,,,,,,,,,,,,,2016.xlsx,2016,20,108
,,,,,,,,,,,,,2016.xlsx,2016,21,96
,,,,,,,,,,,,,2016.xlsx,2016,22,19
,,,,,,,,,,,,,2016.xlsx,2016,23,29
,,,,,,,,,,,,,2016.xlsx,2016,24,34
,,,,,,,,,,,,,2016.xlsx,2016,25,85
,,,,,,,,,,,,,2016.xlsx,2016,26,52
,,,,,,,,,,,,,2016.xlsx,2016,27,48
,,,,,,,,,,,,,2016.xlsx,2016,28,133
,,,,,,,,,,,,,2016.xlsx,2016,29,12
,,,,,,,,,,,,,2016.xlsx,2016,30,142
,,,,,,,,,,,,,2016.xlsx,2016,31,9
,,,,,,,,,,,,,2016.xlsx,2016,32,80
,,,,,,,,,,,,,,,,
,,,,,,,,,,,,,2017.xlsx,2017,1,8
,,,,,,,,,,,,,2017.xlsx,2017,2,205
,,,,,,,,,,,,,2017.xlsx,2017,3,76
,,,,,,,,,,,,,2017.xlsx,2017,4,6
,,,,,,,,,,,,,2017.xlsx,2017,5,37
,,,,,,,,,,,,,2017.xlsx,2017,6,74
,,,,,,,,,,,,,2017.xlsx,2017,7,66
,,,,,,,,,,,,,2017.xlsx,2017,8,244
,,,,,,,,,,,,,2017.xlsx,2017,9,142
,,,,,,,,,,,,,2017.xlsx,2017,10,28
,,,,,,,,,,,,,2017.xlsx,2017,11,215
,,,,,,,,,,,,,2017.xlsx,2017,12,212
,,,,,,,,,,,,,2017.xlsx,2017,13,53
,,,,,,,,,,,,,2017.xlsx,2017,14,141
,,,,,,,,,,,,,2017.xlsx,2017,15,471
,,,,,,,,,,,,,2017.xlsx,2017,16,144
,,,,,,,,,,,,,2017.xlsx,2017,17,79
,,,,,,,,,,,,,2017.xlsx,2017,18,59
,,,,,,,,,,,,,2017.xlsx,2017,19,61
,,,,,,,,,,,,,2017.xlsx,2017,20,127
,,,,,,,,,,,,,2017.xlsx,2017,21,143
,,,,,,,,,,,,,2017.xlsx,2017,22,34
,,,,,,,,,,,,,2017.xlsx,2017,23,46
,,,,,,,,,,,,,2017.xlsx,2017,24,49
,,,,,,,,,,,,,2017.xlsx,2017,25,85
,,,,,,,,,,,,,2017.xlsx,2017,26,62
,,,,,,,,,,,,,2017.xlsx,2017,27,47
,,,,,,,,,,,,,2017.xlsx,2017,28,141
,,,,,,,,,,,,,2017.xlsx,2017,29,18
,,,,,,,,,,,,,2017.xlsx,2017,30,202
,,,,,,,,,,,,,2017.xlsx,2017,31,13
,,,,,,,,,,,,,2017.xlsx,2017,32,93
,,,,,,,,,,,,,2017.xlsx,2017,99,49
,,,,,,,,,,,,,,,,
,,,,,,,,,,,,,2018.xlsx,2018,1,8
,,,,,,,,,,,,,2018.xlsx,2018,2,264
,,,,,,,,,,,,,2018.xlsx,2018,3,26
,,,,,,,,,,,,,2018.xlsx,2018,4,13
,,,,,,,,,,,,,2018.xlsx,2018,5,24
,,,,,,,,,,,,,2018.xlsx,2018,6,81
,,,,,,,,,,,,,2018.xlsx,2018,7,46
,,,,,,,,,,,,,2018.xlsx,2018,8,258
,,,,,,,,,,,,,2018.xlsx,2018,9,138
,,,,,,,,,,,,,2018.xlsx,2018,10,20
,,,,,,,,,,,,,2018.xlsx,2018,11,354
,,,,,,,,,,,,,2018.xlsx,2018,12,225
,,,,,,,,,,,,,2018.xlsx,2018,13,48
,,,,,,,,,,,,,2018.xlsx,2018,14,269
,,,,,,,,,,,,,2018.xlsx,2018,15,456
,,,,,,,,,,,,,2018.xlsx,2018,16,177
,,,,,,,,,,,,,2018.xlsx,2018,17,84
,,,,,,,,,,,,,2018.xlsx,2018,18,37
,,,,,,,,,,,,,2018.xlsx,2018,19,90
,,,,,,,,,,,,,2018.xlsx,2018,20,126
,,,,,,,,,,,,,2018.xlsx,2018,21,127
,,,,,,,,,,,,,2018.xlsx,2018,22,29
,,,,,,,,,,,,,2018.xlsx,2018,23,87
,,,,,,,,,,,,,2018.xlsx,2018,24,58
,,,,,,,,,,,,,2018.xlsx,2018,25,44
,,,,,,,,,,,,,2018.xlsx,2018,26,62
,,,,,,,,,,,,,2018.xlsx,2018,27,46
,,,,,,,,,,,,,2018.xlsx,2018,28,118
,,,,,,,,,,,,,2018.xlsx,2018,29,20
,,,,,,,,,,,,,2018.xlsx,2018,30,136
,,,,,,,,,,,,,2018.xlsx,2018,31,9
,,,,,,,,,,,,,2018.xlsx,2018,32,98
,,,,,,,,,,,,,2018.xlsx,2018,99,174
,,,,,,,,,,,,,,,,
,,,,,,,,,,,,,2019.xlsx,2019,1,7
,,,,,,,,,,,,,2019.xlsx,2019,2,260
,,,,,,,,,,,,,2019.xlsx,2019,3,15
,,,,,,,,,,,,,2019.xlsx,2019,4,10
,,,,,,,,,,,,,2019.xlsx,2019,5,47
,,,,,,,,,,,,,2019.xlsx,2019,6,91
,,,,,,,,,,,,,2019.xlsx,2019,7,71
,,,,,,,,,,,,,2019.xlsx,2019,8,273
,,,,,,,,,,,,,2019.xlsx,2019,9,144
,,,,,,,,,,,,,2019.xlsx,2019,10,21
,,,,,,,,,,,,,2019.xlsx,2019,11,400
,,,,,,,,,,,,,2019.xlsx,2019,12,194
,,,,,,,,,,,,,2019.xlsx,2019,13,65
,,,,,,,,,,,,,2019.xlsx,2019,14,259
,,,,,,,,,,,,,2019.xlsx,2019,15,471
,,,,,,,,,,,,,2019.xlsx,2019,16,195
,,,,,,,,,,,,,2019.xlsx,2019,17,98
,,,,,,,,,,,,,2019.xlsx,2019,18,23
,,,,,,,,,,,,,2019.xlsx,2019,19,98
,,,,,,,,,,,,,2019.xlsx,2019,20,138
,,,,,,,,,,,,,2019.xlsx,2019,21,123
,,,,,,,,,,,,,2019.xlsx,2019,22,28
,,,,,,,,,,,,,2019.xlsx,2019,23,71
,,,,,,,,,,,,,2019.xlsx,2019,24,49
,,,,,,,,,,,,,2019.xlsx,2019,25,58
,,,,,,,,,,,,,2019.xlsx,2019,26,112
,,,,,,,,,,,,,2019.xlsx,2019,27,80
,,,,,,,,,,,,,2019.xlsx,2019,28,114
,,,,,,,,,,,,,2019.xlsx,2019,29,26
,,,,,,,,,,,,,2019.xlsx,2019,30,162
,,,,,,,,,,,,,2019.xlsx,2019,31,4
,,,,,,,,,,,,,2019.xlsx,2019,32,79
,,,,,,,,,,,,,2019.xlsx,2019,99,107
,,,,,,,,,,,,,,,,
,,,,,,,,,,,,,2020.xlsx,2020,1,7
,,,,,,,,,,,,,2020.xlsx,2020,2,293
,,,,,,,,,,,,,2020.xlsx,2020,3,5
,,,,,,,,,,,,,2020.xlsx,2020,4,7
,,,,,,,,,,,,,2020.xlsx,2020,5,32
,,,,,,,,,,,,,2020.xlsx,2020,6,94
,,,,,,,,,,,,,2020.xlsx,2020,7,74
,,,,,,,,,,,,,2020.xlsx,2020,8,357
,,,,,,,,,,,,,2020.xlsx,2020,9,143
,,,,,,,,,,,,,2020.xlsx,2020,10,17
,,,,,,,,,,,,,2020.xlsx,2020,11,613
,,,,,,,,,,,,,2020.xlsx,2020,12,150
,,,,,,,,,,,,,2020.xlsx,2020,13,42
,,,,,,,,,,,,,2020.xlsx,2020,14,236
,,,,,,,,,,,,,2020.xlsx,2020,15,430
,,,,,,,,,,,,,2020.xlsx,2020,16,244
,,,,,,,,,,,,,2020.xlsx,2020,17,81
,,,,,,,,,,,,,2020.xlsx,2020,18,22
,,,,,,,,,,,,,2020.xlsx,2020,19,93
,,,,,,,,,,,,,2020.xlsx,2020,20,108
,,,,,,,,,,,,,2020.xlsx,2020,21,117
,,,,,,,,,,,,,2020.xlsx,2020,22,25
,,,,,,,,,,,,,2020.xlsx,2020,23,68
,,,,,,,,,,,,,2020.xlsx,2020,24,59
,,,,,,,,,,,,,2020.xlsx,2020,25,39
,,,,,,,,,,,,,2020.xlsx,2020,26,93
,,,,,,,,,,,,,2020.xlsx,2020,27,55
,,,,,,,,,,,,,2020.xlsx,2020,28,72
,,,,,,,,,,,,,2020.xlsx,2020,29,27
,,,,,,,,,,,,,2020.xlsx,2020,30,134
,,,,,,,,,,,,,2020.xlsx,2020,31,12
,,,,,,,,,,,,,2020.xlsx,2020,32,114
,,,,,,,,,,,,,2020.xlsx,2020,99,94
,,,,,,,,,,,,,,,,
,,,,,,,,,,,,,2021.xlsx,2021,1,11
,,,,,,,,,,,,,2021.xlsx,2021,2,344
,,,,,,,,,,,,,2021.xlsx,2021,3,9
,,,,,,,,,,,,,2021.xlsx,2021,4,13
,,,,,,,,,,,,,2021.xlsx,2021,5,22
,,,,,,,,,,,,,2021.xlsx,2021,6,60
,,,,,,,,,,,,,2021.xlsx,2021,7,66
,,,,,,,,,,,,,2021.xlsx,2021,8,334
,,,,,,,,,,,,,2021.xlsx,2021,9,126
,,,,,,,,,,,,,2021.xlsx,2021,10,10
,,,,,,,,,,,,,2021.xlsx,2021,11,541
,,,,,,,,,,,,,2021.xlsx,2021,12,150
,,,,,,,,,,,,,2021.xlsx,2021,13,43
,,,,,,,,,,,,,2021.xlsx,2021,14,255
,,,,,,,,,,,,,2021.xlsx,2021,15,436
,,,,,,,,,,,,,2021.xlsx,2021,16,276
,,,,,,,,,,,,,2021.xlsx,2021,17,101
,,,,,,,,,,,,,2021.xlsx,2021,18,31
,,,,,,,,,,,,,2021.xlsx,2021,19,103
,,,,,,,,,,,,,2021.xlsx,2021,20,89
,,,,,,,,,,,,,2021.xlsx,2021,21,109
,,,,,,,,,,,,,2021.xlsx,2021,22,27
,,,,,,,,,,,,,2021.xlsx,2021,23,76
,,,,,,,,,,,,,2021.xlsx,2021,24,84
,,,,,,,,,,,,,2021.xlsx,2021,25,35
,,,,,,,,,,,,,2021.xlsx,2021,26,155
,,,,,,,,,,,,,2021.xlsx,2021,27,45
,,,,,,,,,,,,,2021.xlsx,2021,28,62
,,,,,,,,,,,,,2021.xlsx,2021,29,29
,,,,,,,,,,,,,2021.xlsx,2021,30,109
,,,,,,,,,,,,,2021.xlsx,2021,31,8
,,,,,,,,,,,,,2021.xlsx,2021,32,171
,,,,,,,,,,,,,2021.xlsx,2021,99,72
,,,,,,,,,,,,,,,,
,,,,,,,,,,,,,2022.xlsx,2022,1,12
,,,,,,,,,,,,,2022.xlsx,2022,2,315
,,,,,,,,,,,,,2022.xlsx,2022,3,14
,,,,,,,,,,,,,2022.xlsx,2022,4,12
,,,,,,,,,,,,,2022.xlsx,2022,5,23
,,,,,,,,,,,,,2022.xlsx,2022,6,106
,,,,,,,,,,,,,2022.xlsx,2022,7,65
,,,,,,,,,,,,,2022.xlsx,2022,8,237
,,,,,,,,,,,,,2022.xlsx,2022,9,107
,,,,,,,,,,,,,2022.xlsx,2022,10,26
,,,,,,,,,,,,,2022.xlsx,2022,11,571
,,,,,,,,,,,,,2022.xlsx,2022,12,132
,,,,,,,,,,,,,2022.xlsx,2022,13,57
,,,,,,,,,,,,,2022.xlsx,2022,14,203
,,,,,,,,,,,,,2022.xlsx,2022,15,494
,,,,,,,,,,,,,2022.xlsx,2022,16,251
,,,,,,,,,,,,,2022.xlsx,2022,17,114
,,,,,,,,,,,,,2022.xlsx,2022,18,15
,,,,,,,,,,,,,2022.xlsx,2022,19,153
,,,,,,,,,,,,,2022.xlsx,2022,20,123
,,,,,,,,,,,,,2022.xlsx,2022,21,123
,,,,,,,,,,,,,2022.xlsx,2022,22,26
,,,,,,,,,,,,,2022.xlsx,2022,23,61
,,,,,,,,,,,,,2022.xlsx,2022,24,63
,,,,,,,,,,,,,2022.xlsx,2022,25,39
,,,,,,,,,,,,,2022.xlsx,2022,26,147
,,,,,,,,,,,,,2022.xlsx,2022,27,44
,,,,,,,,,,,,,2022.xlsx,2022,28,54
,,,,,,,,,,,,,2022.xlsx,2022,29,17
,,,,,,,,,,,,,2022.xlsx,2022,30,105
,,,,,,,,,,,,,2022.xlsx,2022,31,7
,,,,,,,,,,,,,2022.xlsx,2022,32,165
,,,,,,,,,,,,,2022.xlsx,2022,99,47
